limit_with_incumbent,limit_without_incumbent,max_proved_solver_seconds,median_proved_solver_seconds,method,proof_rate,proved,source_size,tasks
0,0,2532.7951929569244,3.8811014890670776,CB-SSD,1.0,84,10,84
5,0,3395.607378959656,4.709208011627197,CB-ASD,0.9404761904761905,79,10,84
24,5,3583.0708668231964,205.9304759502411,CB-SSD,0.6979166666666666,67,60,96
28,6,3565.6918590068817,221.99544095993042,CB-ASD,0.6458333333333334,62,60,96
3,4,2838.5756480693817,6.8001768589019775,SSD,0.9166666666666666,77,10,84
7,7,3150.0215380191803,10.50045645236969,ASD,0.8333333333333334,70,10,84
3,3,3462.9842550754547,1.7139389514923096,KKT-McC,0.9285714285714286,78,10,84
2,4,3498.996874809265,4.1517289876937875,KKT-SOS1,0.9285714285714286,78,10,84
0,0,979.3191690444946,1.246464490890503,CB-KKT-McC,1.0,84,10,84
0,0,1513.7687649726868,2.512643933296204,CB-KKT-SOS1,1.0,84,10,84
0,0,5.3515918490011245,0.9558084435120691,MibS,1.0,84,10,84
31,14,3433.535644054413,543.8728601932526,SSD,0.53125,51,60,96
31,19,2952.023447036743,396.0188385248184,ASD,0.4791666666666667,46,60,96
2,43,2980.125074863434,148.74650597572327,KKT-McC,0.53125,51,60,96
14,32,2909.0411508083344,98.03965198993681,KKT-SOS1,0.5208333333333334,50,60,96
0,24,2759.1485588550568,75.4006130695343,CB-KKT-McC,0.75,72,60,96
3,26,3062.494688987732,43.564037799835205,CB-KKT-SOS1,0.6979166666666666,67,60,96
0,0,10.734362593037076,1.37146571500125,MibS,1.0,96,60,96
0,0,9.967002607998438,0.7921221810393035,IOM-Top1 (SSD),1.0,84,10,84
0,0,128.44321206596214,1.0295209714968223,IOM-Top1 (ASD),1.0,84,10,84
0,0,7.153521038009785,0.508307853480801,IOM-Top1 (KKT-McC),1.0,84,10,84
0,0,53.110382047016174,0.47895522153703496,IOM-Top1 (KKT-SOS1),1.0,84,10,84
1,0,28.778088539023884,1.7736756600206718,IOM-Top1 (MibS),0.9880952380952381,83,10,84
3,0,3129.000112291076,20.90229952102527,IOM-Top1 (SSD),0.96875,93,60,96
8,1,1319.87809232797,31.572364746010862,IOM-Top1 (ASD),0.90625,87,60,96
19,4,2496.6924660820514,32.72661666094791,IOM-Top1 (KKT-McC),0.7604166666666666,73,60,96
19,2,3133.5152510249754,14.708150806021877,IOM-Top1 (KKT-SOS1),0.78125,75,60,96
0,0,61.6833872559946,3.00999926548684,IOM-Top1 (MibS),1.0,96,60,96
0,0,16.375825955998152,0.8699485809775069,IOM-All (SSD),1.0,84,10,84
0,0,187.03702498890925,1.3244272645388264,IOM-All (ASD),1.0,84,10,84
0,0,45.003759362967685,0.5006655534962192,IOM-All (KKT-McC),1.0,84,10,84
0,1,54.21981242799666,0.5580825670622289,IOM-All (KKT-SOS1),0.9880952380952381,83,10,84
1,0,47.921175183029845,2.78823873505462,IOM-All (MibS),0.9880952380952381,83,10,84
3,0,3587.131632408011,35.01324785395991,IOM-All (SSD),0.96875,93,60,96
11,1,3009.1428357050754,42.2519711094792,IOM-All (ASD),0.875,84,60,96
28,5,1724.826826963108,65.32428563304711,IOM-All (KKT-McC),0.65625,63,60,96
30,4,2425.1179536150303,32.82110526243923,IOM-All (KKT-SOS1),0.6458333333333334,62,60,96
0,0,49.445959561970085,3.4681319499504752,IOM-All (MibS),1.0,96,60,96
24,5,3583.0708668231964,26.6070408821106,CB-SSD,0.8388888888888889,151,all,180
33,6,3565.6918590068817,41.04038310050965,CB-ASD,0.7833333333333333,141,all,180
34,18,3433.535644054413,93.01034998893738,SSD,0.7111111111111111,128,all,180
38,26,3150.0215380191803,74.85337996482849,ASD,0.6444444444444445,116,all,180
5,46,3462.9842550754547,20.735322952270508,KKT-McC,0.7166666666666667,129,all,180
16,36,3498.996874809265,15.669040560722351,KKT-SOS1,0.7111111111111111,128,all,180
0,24,2759.1485588550568,7.544371962547302,CB-KKT-McC,0.8666666666666667,156,all,180
3,26,3062.494688987732,5.615473031997681,CB-KKT-SOS1,0.8388888888888889,151,all,180
0,0,10.734362593037076,1.1008582890208345,MibS,1.0,180,all,180
3,0,3129.000112291076,3.354768825985957,IOM-Top1 (SSD),0.9833333333333333,177,all,180
8,1,1319.87809232797,4.9241032670252025,IOM-Top1 (ASD),0.95,171,all,180
19,4,2496.6924660820514,2.726124771055765,IOM-Top1 (KKT-McC),0.8722222222222222,157,all,180
19,2,3133.5152510249754,2.1905604120111093,IOM-Top1 (KKT-SOS1),0.8833333333333333,159,all,180
1,0,61.6833872559946,2.2804424869827926,IOM-Top1 (MibS),0.9944444444444445,179,all,180
3,0,3587.131632408011,3.5215571040753275,IOM-All (SSD),0.9833333333333333,177,all,180
11,1,3009.1428357050754,6.230478004959878,IOM-All (ASD),0.9333333333333333,168,all,180
28,5,1724.826826963108,1.430383366998285,IOM-All (KKT-McC),0.8166666666666667,147,all,180
30,5,2425.1179536150303,1.6686452761059627,IOM-All (KKT-SOS1),0.8055555555555556,145,all,180
1,0,49.445959561970085,3.167675902019255,IOM-All (MibS),0.9944444444444445,179,all,180
